wait_ms,workload,output_tokens_per_s,p50_latency_ms,p95_latency_ms,p50_ttft_ms,p95_ttft_ms,average_active_batch
25,dense,111.86429526257167,4483.3899585,7850.180177249998,4009.757786,6975.853829,2.608695652173913
25,sparse,75.0091275149821,1290.1375535,1890.2003799499998,524.3298050000003,1070.6128901499997,1.7142857142857142
50,dense,109.32239370650193,4085.0071230000003,7642.420858049999,3387.528131,7078.796764,2.5
50,sparse,74.485835011531,1237.7934975000003,1561.6482460999998,450.7516129999999,887.0134438,1.6216216216216217
100,dense,109.98085170934694,3947.564215,7497.102038599998,3156.186014,6620.659440549997,2.5
100,sparse,75.61313706925036,1259.4573919999998,1722.8613632500003,481.4519710000004,987.0536831000002,1.7142857142857142
200,dense,104.87222269741112,4141.4965905,7899.6079673999975,3225.066996,6983.610135099998,2.5
200,sparse,72.235902529582,1573.8122285000004,1656.5698884999997,734.9873840000005,1201.3326135999996,1.8181818181818181
400,dense,112.99052334027375,3909.8647515,7318.966585199998,3081.144379,6518.150918649997,2.5
400,sparse,70.86436033234546,1231.56275,1904.1939520999995,486.62489800000003,1068.0731556499998,1.6666666666666667
