strategy,step,start_ms,duration_ms,batch_size
fixed,0,1201.168843,48.641073000000006,4
fixed,1,1249.880513,47.379535999999916,4
fixed,2,1297.297189,27.355051000000003,4
fixed,3,1324.682269,19.603045000000066,4
fixed,4,1344.317474,21.792392999999947,4
fixed,5,1366.141874,21.798447000000124,4
fixed,6,1387.978175,20.446490999999924,4
fixed,7,1408.454969,25.584772000000157,4
fixed,8,1434.072655,21.346991000000116,4
fixed,9,1455.4458,22.464599000000135,4
fixed,10,1477.944218,25.015299999999797,4
fixed,11,1502.993101,22.52057999999988,4
fixed,12,1525.549479,23.642182000000048,4
fixed,13,1549.222816,22.938460000000077,4
fixed,14,1572.198069,31.31215700000007,4
fixed,15,1603.550798,22.046567000000096,4
fixed,16,1625.924126,21.1244650000001,2
fixed,17,1647.078842,27.097028000000137,2
fixed,18,1674.20931,23.726765999999998,2
fixed,19,1697.972922,21.80736999999999,2
fixed,20,1719.814299,20.064120000000003,2
fixed,21,1739.907327,20.354051000000027,2
fixed,22,1760.292852,21.41722299999992,2
fixed,23,1781.738947,22.814663999999993,2
fixed,24,1804.585718,21.486951999999974,2
fixed,25,1826.108217,23.612781999999925,2
fixed,26,1849.754316,32.012040999999954,2
fixed,27,1881.797137,28.076702999999952,2
fixed,28,1909.907518,22.658511999999973,2
fixed,29,1932.599693,35.225189,2
fixed,30,1967.85668,20.914665999999897,2
fixed,31,1988.800401,21.481915000000072,2
fixed,32,2010.496755,19.87476400000014,1
fixed,33,2030.403618,19.56637599999999,1
fixed,34,2049.994662,19.63656899999978,1
fixed,35,2069.668811,27.021138000000064,1
fixed,36,2096.728033,22.338038000000324,1
fixed,37,2119.099675,19.5910429999999,1
fixed,38,2138.726351,21.958990000000085,1
fixed,39,2160.723085,19.33988999999974,1
fixed,40,2180.091673,19.217548999999963,1
fixed,41,2199.337554,19.78903199999968,1
fixed,42,2219.158734,20.998735000000124,1
fixed,43,2240.185564,19.708208999999897,1
fixed,44,2259.922962,19.566796000000068,1
fixed,45,2279.517393,21.094646999999895,1
fixed,46,2300.641321,21.2097490000001,1
fixed,47,2321.880022,19.621647000000394,1
fixed,48,2800.836542,24.48442699999987,4
fixed,49,2825.362732,23.96112499999981,4
fixed,50,2849.362131,23.052775999999994,4
fixed,51,2872.443066,22.716955000000326,4
fixed,52,2895.193338,20.80233199999975,4
fixed,53,2916.024555,23.150869000000057,4
fixed,54,2939.21053,21.415621999999985,4
fixed,55,2960.658373,21.201980999999705,4
fixed,56,2981.891271,23.837479000000258,4
fixed,57,3005.767533,23.748013999999785,4
fixed,58,3029.547319,24.27920200000017,4
fixed,59,3053.861545,23.395502999999735,4
fixed,60,3077.310783,25.838938000000326,4
fixed,61,3103.194592,22.559391000000232,4
fixed,62,3125.788369,21.424866000000293,4
fixed,63,3147.242604,23.61136499999975,4
fixed,64,3171.001223,21.8779999999997,3
fixed,65,3192.905026,20.874855000000025,3
fixed,66,3213.814776,22.64859899999965,3
fixed,67,3236.498312,23.642307999999957,3
fixed,68,3260.187149,21.207668000000012,3
fixed,69,3281.426319,32.199217999999746,3
fixed,70,3313.659364,21.17193499999985,3
fixed,71,3334.863735,24.668184999999994,3
fixed,72,3359.563139,27.341480000000047,3
fixed,73,3386.934112,23.155048999999963,3
fixed,74,3410.120932,23.718807000000197,3
fixed,75,3433.872145,23.359394000000066,3
fixed,76,3457.259561,22.920239000000038,3
fixed,77,3480.221245,24.144681999999648,3
fixed,78,3504.401614,21.25656600000002,3
fixed,79,3525.690517,21.940900000000056,3
fixed,80,3548.080051,21.860912999999982,1
fixed,81,3569.972514,21.162448999999924,1
fixed,82,3591.165434,22.8703559999999,1
fixed,83,3614.073414,28.281888999999865,1
fixed,84,3642.392863,24.057574999999815,1
fixed,85,3666.48342,37.28789400000005,1
fixed,86,3703.808775,30.98678400000017,1
fixed,87,3734.831762,42.848147000000154,1
fixed,88,3777.717344,30.11849099999972,1
fixed,89,3807.875805,23.22578399999975,1
fixed,90,3831.142917,28.186326999999892,1
fixed,91,3859.369491,41.7314080000001,1
fixed,92,3901.139685,23.725683000000117,1
fixed,93,3924.907273,20.472195000000283,1
fixed,94,3945.416663,21.25258699999995,1
fixed,95,3966.706816,21.512854999999945,1
fixed,96,4400.552934,42.27046900000005,4
fixed,97,4442.862553,30.896544000000176,4
fixed,98,4473.794864,37.07456699999966,4
fixed,99,4510.906804,21.636023000000023,4
fixed,100,4532.583461,23.745804999999564,4
fixed,101,4556.361574,20.744489000000613,4
fixed,102,4577.139532,22.23671000000013,4
fixed,103,4599.41298,22.499504999999772,4
fixed,104,4621.946493,22.853204000000005,4
fixed,105,4644.830538,22.69680100000005,4
fixed,106,4667.566445,24.85450899999978,4
fixed,107,4692.452161,23.164190999999846,4
fixed,108,4715.654287,26.452025999999933,4
fixed,109,4742.138383,22.545609999999215,4
fixed,110,4764.718294,20.94845499999974,4
fixed,111,4785.691021,21.15640600000006,4
fixed,112,4807.033493,23.920404999999846,3
fixed,113,4830.996017,23.60245699999996,3
fixed,114,4854.631602,22.650461999999607,3
fixed,115,4877.320267,24.136209000000235,3
fixed,116,4901.493089,28.360658000000512,3
fixed,117,4929.890142,24.9343429999999,3
fixed,118,4954.856358,23.373929000000317,3
fixed,119,4978.26282,21.50672300000042,3
fixed,120,4999.805202,26.32443300000068,3
fixed,121,5026.180108,21.475205000000642,3
fixed,122,5047.689394,22.311139000000367,3
fixed,123,5070.036148,22.489391999999498,3
fixed,124,5092.560845,22.154351000000133,3
fixed,125,5114.746999,22.927311000000373,3
fixed,126,5137.726636,24.419914000000063,3
fixed,127,5162.190555,20.66994599999998,3
fixed,128,5183.033611,22.55482099999972,2
fixed,129,5205.626875,23.655103000000054,2
fixed,130,5229.319289,24.82595399999991,2
fixed,131,5254.179957,20.711512999999286,2
fixed,132,5274.922727,23.02063199999975,2
fixed,133,5297.979521,23.598532999999406,2
fixed,134,5321.606388,23.41007300000001,2
fixed,135,5345.053952,20.170528999999988,2
fixed,136,5365.259034,22.150674000000436,2
fixed,137,5387.439698,21.72490199999993,2
fixed,138,5409.19449,23.343206000000464,2
fixed,139,5432.569262,22.552909,2
fixed,140,5455.155762,24.405594999999266,2
fixed,141,5479.59745,24.362889999999425,2
fixed,142,5503.998124,23.74163899999985,2
fixed,143,5527.773528,23.487899000000652,2
fixed,144,6000.670045,39.98862000000008,4
fixed,145,6040.695156,19.49253099999987,4
fixed,146,6060.22137,20.07197499999984,4
fixed,147,6080.325538,25.225526000000173,4
fixed,148,6105.587968,22.407619000000523,4
fixed,149,6128.033321,22.919934999999896,4
fixed,150,6150.996035,22.997731999999814,4
fixed,151,6174.030801,20.19358800000009,4
fixed,152,6194.258998,23.623467999999775,4
fixed,153,6217.923847,22.725306000000273,4
fixed,154,6240.69685,20.684228000000076,4
fixed,155,6261.427186,27.30577700000049,4
fixed,156,6288.770054,22.11017400000037,4
fixed,157,6310.915159,22.523059999999532,4
fixed,158,6333.472633,25.655511999999362,4
fixed,159,6359.164192,26.271459999999934,4
fixed,160,6385.610236,22.701710999999705,2
fixed,161,6408.347716,24.298218999999335,2
fixed,162,6432.684192,36.490404000000126,2
fixed,163,6469.209981,30.17129600000044,2
fixed,164,6499.421866,22.175795000000107,2
fixed,165,6521.634777,22.375936999999794,2
fixed,166,6544.047401,22.70710599999984,2
fixed,167,6566.792191,21.512558000000354,2
fixed,168,6588.395022,23.332572000000255,2
fixed,169,6611.760654,22.701351000000614,2
fixed,170,6634.496419,21.80610700000034,2
fixed,171,6656.338691,22.875958999999966,2
fixed,172,6679.257719,32.13309200000003,2
fixed,173,6711.427966,23.9179009999998,2
fixed,174,6735.38422,22.85395900000003,2
fixed,175,6758.279616,33.004273999999896,2
fixed,176,6791.45651,26.900117999999566,1
fixed,177,6818.388385,20.42166999999972,1
fixed,178,6838.842493,22.112745999999788,1
fixed,179,6861.020675,21.644542,1
fixed,180,6882.700973,20.51933999999983,1
fixed,181,6903.270902,21.709117999999762,1
fixed,182,6925.010111,19.864415000000008,1
fixed,183,6944.903824,21.679943000000094,1
fixed,184,6966.63986,21.61079400000017,1
fixed,185,6988.280549,19.618107999999665,1
fixed,186,7007.928885,31.317431999999826,1
fixed,187,7039.277908,29.95071999999982,1
fixed,188,7069.261221,33.6690150000004,1
fixed,189,7102.963932,37.35322300000007,1
fixed,190,7140.356239,28.49072299999989,1
fixed,191,7168.884028,20.914585999999872,1
fixed,192,7600.475914,39.28521700000056,4
fixed,193,7639.801246,20.292027999999846,4
fixed,194,7660.12523,20.404584000000796,4
fixed,195,7680.568987,35.02396399999998,4
fixed,196,7715.630692,21.18508600000041,4
fixed,197,7736.851597,21.396840999999768,4
fixed,198,7758.281744,20.660891000000447,4
fixed,199,7778.980504,20.286736999999448,4
fixed,200,7799.301688,22.35926500000005,4
fixed,201,7821.700159,23.825361999999586,4
fixed,202,7845.562762,22.48727500000041,4
fixed,203,7868.109529,21.432055999999648,4
fixed,204,7889.580667,21.370060000000194,4
fixed,205,7910.985831,22.706943000000138,4
fixed,206,7933.731602,25.387477000000217,4
fixed,207,7959.159833,23.574456000000282,4
fixed,208,7982.879822,23.255503000000317,3
fixed,209,8006.174129,30.807356999999683,3
fixed,210,8037.019822,21.17865399999937,3
fixed,211,8058.244893,26.476800000000367,3
fixed,212,8084.762038,22.533073999999942,3
fixed,213,8107.334275,28.116672000000108,3
fixed,214,8135.490814,21.260886000000028,3
fixed,215,8156.795193,21.798123999999916,3
fixed,216,8178.631001,23.449478000000454,3
fixed,217,8202.119841,23.575403000000733,3
fixed,218,8225.735195,22.121085000000676,3
fixed,219,8247.891018,23.29248799999914,3
fixed,220,8271.226757,23.003052000000025,3
fixed,221,8294.299617,42.95162699999855,3
fixed,222,8337.297682,30.221927999999025,3
fixed,223,8367.567075,43.296370000000024,3
fixed,224,8411.133324,26.141470999999,1
fixed,225,8437.314859,22.63198100000045,1
fixed,226,8459.984578,21.403320999999778,1
fixed,227,8481.425447,20.963031999999657,1
fixed,228,8502.426302,21.31332300000031,1
fixed,229,8523.835211,20.429535000001124,1
fixed,230,8544.298347,20.67058299999917,1
fixed,231,8565.00994,23.394711000000825,1
fixed,232,8588.444931,21.172813999999562,1
fixed,233,8609.651866,20.441537999999127,1
fixed,234,8630.12697,30.851786000001084,1
fixed,235,8661.00885,34.70989499999996,1
fixed,236,8695.757452,20.229659000000538,1
fixed,237,8716.023187,20.826844999999594,1
fixed,238,8736.883863,25.170545000000857,1
fixed,239,8762.087485,34.37421899999936,1
fixed,240,9200.512188,39.984950999998546,4
fixed,241,9240.541578,39.045185999999376,4
fixed,242,9279.622176,40.76994500000001,4
fixed,243,9320.431073,20.197212000000945,4
fixed,244,9340.667986,22.32961400000022,4
fixed,245,9363.032352,20.64090699999906,4
fixed,246,9383.705959,20.823574000000008,4
fixed,247,9404.567299,25.481046999999307,4
fixed,248,9430.086266,23.01298499999939,4
fixed,249,9453.141046,20.775931000000128,4
fixed,250,9473.956546,22.515661000001273,4
fixed,251,9496.515163,23.79337300000043,4
fixed,252,9520.34488,24.777860999998666,4
fixed,253,9545.159118,24.014028999999937,4
fixed,254,9569.210955,23.648463999999876,4
fixed,255,9592.902882,24.993995999999242,4
fixed,256,9618.035219,24.5125680000001,3
fixed,257,9642.581291,21.743682000000263,3
fixed,258,9664.360513,22.332526000000144,3
fixed,259,9686.739361,26.518981999999596,3
fixed,260,9713.296317,24.869103999999425,3
fixed,261,9738.203004,21.927268999999797,3
fixed,262,9760.176252,20.90868600000067,3
fixed,263,9781.124731,21.539426999999705,3
fixed,264,9802.698905,22.026252000001477,3
fixed,265,9824.758421,21.840946999998778,3
fixed,266,9846.632872,21.748521999999866,3
fixed,267,9868.41678,20.796739000001253,3
fixed,268,9889.24813,22.984849000000395,3
fixed,269,9912.272345,23.799356000001353,3
fixed,270,9936.111445,34.42981999999938,3
fixed,271,9970.574913,22.866183000000092,3
fixed,272,9993.634331,35.35167900000124,2
fixed,273,10029.024176,20.737182999999277,2
fixed,274,10049.796759,27.458072999999786,2
fixed,275,10077.291331,21.084028999999646,2
fixed,276,10098.410473,22.843285000000833,2
fixed,277,10121.285322,22.075770999999804,2
fixed,278,10143.391841,23.07988099999966,2
fixed,279,10166.509945,21.384299999999712,2
fixed,280,10187.929297,20.966513999999734,2
fixed,281,10208.925394,22.670695000000705,2
fixed,282,10231.627334,21.23301899999933,2
fixed,283,10252.890809,21.693687999999383,2
fixed,284,10274.615366,22.08428400000048,2
fixed,285,10296.737244,21.241814999999406,2
fixed,286,10318.008626,21.050154999998995,2
fixed,287,10339.091304,21.61131899999964,2
fixed,288,10800.519542,43.848955999999816,4
fixed,289,10844.411363,19.991706000000704,4
fixed,290,10864.437163,22.1642439999996,4
fixed,291,10886.644355,21.944980000000214,4
fixed,292,10908.626499,24.97190699999919,4
fixed,293,10933.632912,22.558141000001342,4
fixed,294,10956.222674,21.759951,4
fixed,295,10978.014546,22.209195999999793,4
fixed,296,11000.262337,24.157591999999568,4
fixed,297,11024.453529,20.903308999999354,4
fixed,298,11045.391882,22.424786999999924,4
fixed,299,11067.850457,22.69873600000028,4
fixed,300,11090.591136,25.789655000000494,4
fixed,301,11116.418082,24.916934999999285,4
fixed,302,11141.372314,24.595578000000387,4
fixed,303,11166.009999,22.11668500000087,4
fixed,304,11188.318811,34.154616000001624,2
fixed,305,11222.513679,23.340382000000318,2
fixed,306,11245.895024,24.964705000000322,2
fixed,307,11270.904303,30.92458700000134,2
fixed,308,11301.86822,30.77600100000018,2
fixed,309,11332.690957,27.519985999999335,2
fixed,310,11360.243845,21.57783499999823,2
fixed,311,11381.857607,24.22698700000001,2
fixed,312,11406.122259,22.232866000000286,2
fixed,313,11428.389926,21.89060900000004,2
fixed,314,11450.310307,21.856385999999475,2
fixed,315,11472.203639,24.021990000001097,2
fixed,316,11496.270497,24.093581000000995,2
fixed,317,11520.400287,23.228691999998773,2
fixed,318,11543.666583,23.80585599999904,2
fixed,319,11567.509151,25.3515239999997,2
fixed,320,11593.053076,22.370913999999175,1
fixed,321,11615.461121,41.79988199999934,1
fixed,322,11657.292187,19.49836300000061,1
fixed,323,11676.824379,25.8149910000011,1
fixed,324,11702.675913,20.286584000001312,1
fixed,325,11722.995334,19.323530000001483,1
fixed,326,11742.353576,22.53578000000016,1
fixed,327,11764.923633,21.399062999998932,1
fixed,328,11786.355934,21.14606200000162,1
fixed,329,11807.53682,22.44271200000003,1
fixed,330,11830.014776,21.204297000000224,1
fixed,331,11851.248412,22.594436999999743,1
fixed,332,11873.876724,21.483250000001135,1
fixed,333,11895.40202,20.981175000000803,1
fixed,334,11916.419569,25.29097300000103,1
fixed,335,11941.748534,20.03757399999995,1
fixed,336,11962.215463,20.72273899999891,2
fixed,337,11982.978738,22.24254800000017,2
fixed,338,12005.262156,25.775104999998803,2
fixed,339,12031.075457,27.24353699999847,2
fixed,340,12058.363442,24.191299000000072,2
fixed,341,12082.591933,22.331435000000056,2
fixed,342,12104.959634,20.152063999999882,2
fixed,343,12125.147479,23.85066200000074,2
fixed,344,12149.034851,22.1098779999993,2
fixed,345,12171.18207,19.674275999999736,2
fixed,346,12190.894254,20.34822399999939,2
fixed,347,12211.280199,21.757023999998637,2
fixed,348,12233.078187,21.49389400000109,2
fixed,349,12254.608094,21.381509000000733,2
fixed,350,12276.026157,20.90333400000054,2
fixed,351,12296.970872,28.535573000001023,2
fixed,352,12325.541725,34.42673100000138,2
fixed,353,12360.006423,36.07410600000003,2
fixed,354,12396.119121,21.545249000000695,2
fixed,355,12417.707603,30.625482999999804,2
fixed,356,12448.368158,25.580857000000833,2
fixed,357,12473.994998,20.726086999999097,2
fixed,358,12494.761969,20.575466000000233,2
fixed,359,12515.375679,20.524578999998994,2
fixed,360,12535.935253,21.344868000000133,2
fixed,361,12557.312043,22.30864500000098,2
fixed,362,12579.656435,19.946562999999514,2
fixed,363,12599.641297,20.662669999999707,2
fixed,364,12620.341943,21.132058000001052,2
fixed,365,12641.505446,19.717482000000018,2
fixed,366,12661.252478,22.3425759999991,2
fixed,367,12683.635267,27.000153000000864,2
fixed,368,12710.828885,24.237550999998348,1
fixed,369,12735.113192,24.792921999998725,1
fixed,370,12759.954991,31.603825000000143,1
fixed,371,12791.601656,40.30751899999996,1
fixed,372,12831.9539,22.85507399999915,1
fixed,373,12854.84623,20.982442000000447,1
fixed,374,12875.864382,19.96542600000066,1
fixed,375,12895.867022,30.63057899999876,1
fixed,376,12926.534491,38.81876899999952,1
fixed,377,12965.388832,29.276576999998724,1
fixed,378,12994.711375,28.907932999998593,1
fixed,379,13023.65749,28.825356000001193,1
fixed,380,13052.517195,23.19803200000024,1
fixed,381,13075.753202,23.914810000000216,1
fixed,382,13099.711877,26.896068000000014,1
fixed,383,13126.646388,19.449087000000873,1
